Handle,
@arstechnica@mastodon.social,
@heiseonlinesocial.heise.de,
@ProPublica@newsie.social,
@RollingStone@mstdn.social,
@tagesschau@ard.social,
@ZDF@zdf.social,
@ntv@mstdn.social,
@tazgetroete@mastodon.social,
@derStandard@derstandard.at,
@republik_magazin@republik.ch,
@ndaktuell@troet.cafe,
@islamischezeitung@troet.cafe,
@woz@troet.cafe,
@tonline@mastodon.social,
@watson_news@mstdn.social,
@NDR@ard.social,
@swr3@ard.social,
@BR24@ard.social,
@RNZonline@rheinneckar.social,
@RNFde@rheinneckar.social,
@heidenheimer_zeitung@mastodon.social,
@diesachsen@dju.social,
@Nordstadtblogger@ruhr.social,
@weddingweiser@berlin.social,
@Stadtkind@norden.social,
@SWR2Wissen@ard.social,
@riffreporter@mastodon.social,
@das_schoene_leben@reporter.social,
@weltraum@reporter.social,
@KlimaWandeln@reporter.social,
@RiffZukunft@reporter.social,
@Riff_PlanG@reporter.social,
@flugbegleiter@reporter.social,
@scinexx@nrw.social,
@globalmagazin@climatejustice.global,
@contraste@bewegung.social,
@principia@troet.cafe,
@InMindMagazin@mstdn.social,
@minkorrekt@chaos.social,
@klimareporter@mstdn.social,
@gpspmagazin@mastodon.social,
@journ_online@mastodon.world,
@altpapier@newsie.social,
@correctiv_org@correctiv.social,
@bub_magazin@openbiblio.social,
@uebermedien@mastodon.social,
@serienjunkies@social.tchncs.de,
@Krautreporter@norden.social,
@weltreporter@newsie.social,
@PerspectiveDaily@perspective-daily.de,
@Volksverpetzer@digitalcourage.social,
@fragdenstaat@chaos.social,
@a_watch@bewegung.social,
@medwatch_de@social.anoxinon.de,
@Archivradio@ard.social,
@BelltowerNews@mstdn.social,
@endstationrechts@mastodon.social,
@algorithmwatch@chaos.social,
@mimikama@mastodon.social,
@heiseonline@social.heise.de,
@t3n@t3n.social,
@heiseonline_TopNews@social.heise.de,
@heisec@social.heise.de,
@ct_Magazin@social.heise.de,
@heisedeveloper@social.heise.de,
@macandi@social.heise.de,
@iX_Magazin@social.heise.de,
@netzpolitik_feed@chaos.social,
@WinFuture@mastodon.social,
@kuketzblog@social.tchncs.de,
@drwindows@mastodontech.de,
@ComputerBase@mastodon.social,
@maclife@mastodontech.de,
@apfeltalk@creators.social,
@Deskmodder@mastodontech.de,
@Xboxmedia@mastodon.social,
@mobiFlip@mastodon.social,
@linuxnews@social.anoxinon.de,
@nintendo_online@mastodon.social,
@nintendoconnect@mastodon.social,
@ps_now@mastodon.social,
@ifun@mastodon.social,
@mobilsicher@mastodontech.de,
@binaergewitter@jit.social,
@appgefahren@techhub.social,
@irightsinfo@mastodon.social,
@s_hentzschel@mastodon.social,
@Bahnblogstelle@mastodon.social,
@heiseautos@social.heise.de,
@ct_Fotografie@social.heise.de,
@blaetter@mastodon.social,
@antiundsemitisch@podcasts.social,
@verfassungsblog@legal.social,
@Sicherheitspod@mastodontech.de,
@lagedernation@chaos.social,
@augengeradeaus@berlin.social,
@bz@hessen.social,
@moment_magazin@mastodon.social,
@FRUEFpodcast@fruef.social,
@ballverliebt@det.social,
@rasenfunk@podcasts.social,
@DerFussballPod@podcasts.social,
@legendeverloren@fruef.social,
@fairplaymagazin@brettspiel.space,
@sumikai@mstdn.social,
@g_der_gegenwart@troet.cafe,
@nmz@bildung.social,
@Orchestergraben@classicalmusic.social,
@merkurzeitschrift@mastodon.social,
@queerde@mastodon.social,
@rueckrufportal@mastodon.social,
@eulemagazin@mastodon.social,
@3sat@zdf.social,
@detektorfm@social.detektor.fm,
@RadioCORAX@social.anoxinon.de,
@fsk@todon.eu,
@lora924@muenchen.social,
@piradio@chaos.social,
@querfunk@sueden.social,
@RDL@freiburg.social,
@radiohelsinki@graz.social,
@theradiocc@social.tchncs.de,
@campusradioka@sueden.social,
@schoenerdenken@mstdn.social,
@GeschichteFM@hemmer.land,
@waldorfsalatpod@podcasts.social,
@wochendaemmerung@podcasts.social,
@astro_geo@chaos.social,
@apfelfunknews@social.apfelfunk.com,
@FR@frankfurt.social,
@katapultmagazin@katapult.social,
@lz@social.anoxinon.de,
@tageins@troet.cafe,
@datumsdz@newsie.social,
@radioFM4@toot.community,
